timestamp_utc,open,high,low,close,volume_usd
2026-05-07T00:00:00+00:00,89.20056977023458,89.4390343681598,88.33237016272963,88.3346711633412,24003.280051964946
2026-05-07T01:00:00+00:00,88.3346711633412,88.4644910714099,88.02010525,88.22868521321509,25497.56127216177
2026-05-07T02:00:00+00:00,88.22868521321509,88.32949215626142,87.8331934080165,88.05542879847283,64401.96396251854
2026-05-07T03:00:00+00:00,88.05542879847283,88.15064107664095,87.5734262245162,87.70238292769828,52502.980876330344
2026-05-07T04:00:00+00:00,87.70238292769828,89.0471950133571,87.66585501343005,88.15489561624386,18264.59000134109
2026-05-07T05:00:00+00:00,88.15489561624386,89.4454382826476,88.15489561624386,88.43301625896117,54621.9993463641
2026-05-07T06:00:00+00:00,88.43301625896117,89.5362988056937,88.0129499518694,89.5261924742114,50875.6184075074
2026-05-07T07:00:00+00:00,89.5261924742114,90.4577805948341,89.0784785451469,90.4124683712322,29817.785469437466
2026-05-07T08:00:00+00:00,90.4124683712322,90.4159052398892,89.0688259109312,89.7188861786124,23665.120289730246
2026-05-07T09:00:00+00:00,89.7188861786124,89.9486314462411,89.0066732274119,89.24076096046507,36848.003136030165
2026-05-07T10:00:00+00:00,89.24076096046507,89.5276224843883,88.7220722623937,89.0375043241704,27631.115030414632
2026-05-07T11:00:00+00:00,89.0375043241704,89.6798099686262,89.0358234963629,89.63200851219341,33796.37223714269
2026-05-07T12:00:00+00:00,89.63200851219341,89.92872047910939,89.38772,89.66295920362411,48017.26750039195
2026-05-07T13:00:00+00:00,89.66295920362411,89.66463962676762,88.4136204643136,88.5694960411773,39624.37076785682
2026-05-07T14:00:00+00:00,88.5694960411773,88.79995193173684,87.7697353176874,88.08902253690714,55943.538832750426
2026-05-07T15:00:00+00:00,88.08902253690714,88.5946373449647,87.8169300429882,88.35447625436149,67452.23131110134
2026-05-07T16:00:00+00:00,88.35447625436149,88.8440965606884,88.1346825948852,88.50383096065838,49429.157808755655
2026-05-07T17:00:00+00:00,88.50383096065838,88.8225652248841,88.18649364898268,88.64359890992779,60324.916119864516
2026-05-07T18:00:00+00:00,88.64359890992779,89.1748874171505,88.2361068397612,88.5150249168792,39767.862730311295
2026-05-07T19:00:00+00:00,88.5150249168792,88.7638515250606,88.1490019524387,88.57199797647309,29480.2020711024
2026-05-07T20:00:00+00:00,88.57199797647309,88.8035735098567,88.23102247591626,88.25389752198885,26742.24485450812
2026-05-07T21:00:00+00:00,88.25389752198885,88.429640428052,87.7710846360532,88.17078398884813,50025.12107000591
2026-05-07T22:00:00+00:00,88.17078398884813,88.4786311718712,87.57979727661352,88.10694152968935,144855.93733611566
2026-05-07T23:00:00+00:00,88.10694152968935,88.3438271075966,88.05571983334654,88.32599270239568,52357.54115750447
2026-05-08T00:00:00+00:00,88.32599270239568,88.6485831372048,88.31960703073288,88.3313160736792,29060.75811030024
2026-05-08T01:00:00+00:00,88.3313160736792,88.36968758537118,88.00110079341252,88.05778398404486,30182.429591631873
2026-05-08T02:00:00+00:00,88.05778398404486,88.5978719707255,87.5704627719068,88.4198247257158,62540.47816543669
2026-05-08T03:00:00+00:00,88.4198247257158,88.4816207835987,87.62914,88.26354127629168,73466.36888161932
2026-05-08T04:00:00+00:00,88.26354127629168,88.4843810846715,88.1166893366949,88.33140712954739,25880.34221816761
2026-05-08T05:00:00+00:00,88.33140712954739,88.595507464721,88.0220253723604,88.21867916260209,52377.66845173835
2026-05-08T06:00:00+00:00,88.21867916260209,88.4181342374901,87.839704527493,87.87821401635452,33440.050274559166
2026-05-08T07:00:00+00:00,87.87821401635452,88.1492229003295,87.607665,88.01118801939182,35882.91263136235
2026-05-08T08:00:00+00:00,88.01118801939182,88.603340994975,87.8087871197905,88.23718178404415,37003.031611138234
2026-05-08T09:00:00+00:00,88.23718178404415,88.7334810701426,88.01,88.22081385190506,34567.27516798096
2026-05-08T10:00:00+00:00,88.22081385190506,88.9100079794509,88.19319916975788,88.64347799043166,49924.73003512763
2026-05-08T11:00:00+00:00,88.64347799043166,88.7778857680475,88.49405995183626,88.57069904222233,15748.151597957618
2026-05-08T12:00:00+00:00,88.57069904222233,89.065030876649,88.315560610228,88.48953540848511,104791.91417004044
2026-05-08T13:00:00+00:00,88.48953540848511,88.7007707174487,88.19225082010155,88.19225082010155,133475.7143807406
2026-05-08T14:00:00+00:00,88.19225082010155,89.5048045058011,87.9668621199238,89.03199859106108,111981.34586096185
2026-05-08T15:00:00+00:00,89.03199859106108,89.63094975964431,88.50614947958506,89.62827158919201,143476.30772675088
2026-05-08T16:00:00+00:00,89.62827158919201,89.7638188257348,89.2116838017658,89.2116838017658,59724.54781748704
2026-05-08T17:00:00+00:00,89.2116838017658,91.9443588966035,89.2116838017658,91.63159014036044,90208.34107922563
2026-05-08T18:00:00+00:00,91.63159014036044,92.5882191263975,91.63067606038433,92.3560431720871,29162.823208346963
2026-05-08T19:00:00+00:00,92.3560431720871,92.6831344490597,92.2754925137408,92.37793019861967,73841.23368530416
2026-05-08T20:00:00+00:00,92.37793019861967,92.6949588165805,92.2032943242298,92.26450457214474,21013.583111456464
2026-05-08T21:00:00+00:00,92.26450457214474,92.5825663237683,91.7912500284081,92.18276543725358,16738.300331708662
2026-05-08T22:00:00+00:00,92.18276543725358,92.50946760383326,92.18276543725358,92.38179370695492,21708.464869960353
2026-05-08T23:00:00+00:00,92.38179370695492,92.38179370695492,91.79411106291423,91.81344498426849,30601.47208699254
2026-05-09T00:00:00+00:00,91.81344498426849,92.6270905281909,91.81344498426849,92.4339661469529,19236.95485294664
2026-05-09T01:00:00+00:00,92.4339661469529,93.61782853748772,92.2934977777778,93.61782853748772,33400.20978391687
2026-05-09T02:00:00+00:00,93.61782853748772,93.8127021286205,93.15179029361036,93.28211022223077,28009.330931157183
2026-05-09T03:00:00+00:00,93.28211022223077,93.7191774858857,93.28211022223077,93.49717842126472,12721.30177138405
2026-05-09T04:00:00+00:00,93.49717842126472,94.0088634560637,93.35554231663994,93.35554231663994,24659.59356523356
2026-05-09T05:00:00+00:00,93.35554231663994,93.7474038946922,93.06177184987888,93.54465675383952,23435.633804181783
2026-05-09T06:00:00+00:00,93.54465675383952,94.0047935513586,93.42365833806076,93.45047830047041,20529.889844446465
2026-05-09T07:00:00+00:00,93.45047830047041,93.9744392984965,93.2136546585307,93.7739974371133,14759.676055284694
2026-05-09T08:00:00+00:00,93.7739974371133,93.9985845920146,93.5257726836436,93.73678439625644,3503.72291113744
2026-05-09T09:00:00+00:00,93.73678439625644,93.83121221482128,93.2583872852652,93.2583872852652,14667.202223987975
2026-05-09T10:00:00+00:00,93.2583872852652,93.40483392011039,93.25796927066254,93.38850608653006,4435.822110355502
2026-05-09T11:00:00+00:00,93.38850608653006,93.6968414263396,93.33327720746577,93.4894852547055,10933.318169235881
2026-05-09T12:00:00+00:00,93.4894852547055,93.7349931446162,93.29701542659835,93.31197076946579,11719.451351781712
2026-05-09T13:00:00+00:00,93.31197076946579,93.5565206601315,93.16695601780896,93.28884646795592,13482.95652099734
2026-05-09T14:00:00+00:00,93.28884646795592,93.33744664509454,92.8531125215418,93.05263287765932,13147.845888256945
2026-05-09T15:00:00+00:00,93.05263287765932,93.2648038477029,92.52973164806455,92.77506563392322,35286.872034798536
2026-05-09T16:00:00+00:00,92.77506563392322,93.3179868128274,92.64897859296482,92.64930670810588,33179.89859873948
2026-05-09T17:00:00+00:00,92.64930670810588,93.33253137623586,92.63902031602674,93.33042175088377,24263.728815240163
2026-05-09T18:00:00+00:00,93.33042175088377,93.41858405717043,93.14245173057381,93.27255971327386,15420.587310600913
2026-05-09T19:00:00+00:00,93.27255971327386,93.5757012569467,92.9359976758977,93.42586592120534,51250.648287055395
2026-05-09T20:00:00+00:00,93.42586592120534,93.43505210169279,93.0131259615714,93.07364670301682,28183.83578005545
2026-05-09T21:00:00+00:00,93.07364670301682,93.4144663301518,93.0697462496611,93.32201069818376,10605.836618208004
2026-05-09T22:00:00+00:00,93.32201069818376,93.618015928861,93.0881728211732,93.3703223403932,3766.1953169798753
2026-05-09T23:00:00+00:00,93.3703223403932,93.48834284896668,92.9561618377132,93.19615203153855,13775.455023959252
2026-05-10T00:00:00+00:00,93.19615203153855,93.2864161301952,93.05110417438351,93.05461870678478,6822.838751630922
2026-05-10T01:00:00+00:00,93.05461870678478,93.0740880532507,92.7624652161204,92.7850159427005,16634.344601273882
2026-05-10T02:00:00+00:00,92.7850159427005,93.2920271672881,92.76280325610885,93.2920271672881,25060.227473921732
2026-05-10T03:00:00+00:00,93.2920271672881,93.2920271672881,93.04917546346205,93.25908494688183,6131.757553994837
2026-05-10T04:00:00+00:00,93.25908494688183,93.5079903043837,93.0544805242495,93.33956238989468,4791.2297464868125
2026-05-10T05:00:00+00:00,93.33956238989468,93.559750444456,93.26354228177811,93.26605992676095,9289.977942316453
2026-05-10T06:00:00+00:00,93.26605992676095,93.32830431391571,93.21870025935162,93.32830431391571,7538.840786673054
2026-05-10T07:00:00+00:00,93.32830431391571,93.7184283549932,93.32830431391571,93.47844340988463,4231.478135397062
2026-05-10T08:00:00+00:00,93.47844340988463,93.9428229128871,93.47732517428858,93.9428229128871,12085.272767576209
2026-05-10T09:00:00+00:00,93.9428229128871,94.816956795158,93.93852820245797,94.38639382543536,20873.687751762955
2026-05-10T10:00:00+00:00,94.38639382543536,94.6230626298043,93.67795131316811,93.83095639993473,22003.087298929357
2026-05-10T11:00:00+00:00,93.83095639993473,94.0545616318553,93.181398230976,93.39755501124503,23269.933148160395
2026-05-10T12:00:00+00:00,93.39755501124503,93.40877308181693,93.175070496458,93.35666584241145,7026.974923647165
2026-05-10T13:00:00+00:00,93.35666584241145,93.8889128145931,93.35002564378027,93.71092218525247,15538.963110001025
2026-05-10T14:00:00+00:00,93.71092218525247,93.92703558298274,93.452585175203,93.89451604148078,21413.301323757525
2026-05-10T15:00:00+00:00,93.89451604148078,94.552786938481,93.85096041864462,94.35362943023824,34254.32984218153
2026-05-10T16:00:00+00:00,94.35362943023824,94.82461485414572,93.9997008270597,94.80208523273542,46943.95763855084
2026-05-10T17:00:00+00:00,94.80208523273542,96.26041294203242,94.80208523273542,96.25298216376355,40898.37748178653
2026-05-10T18:00:00+00:00,96.25298216376355,96.8488014912391,96.25298215696539,96.48354170367219,30142.037711989993
2026-05-10T19:00:00+00:00,96.48354170367219,96.68791815711478,95.97993000123827,96.48508658103502,39484.57720556785
2026-05-10T20:00:00+00:00,96.48508658103502,96.7348326477014,93.5560494371889,94.60365795356276,143535.95809475152
2026-05-10T21:00:00+00:00,94.60365795356276,95.4768965960386,94.59483041524781,95.24187091504167,125003.9060844568
2026-05-10T22:00:00+00:00,95.24187091504167,96.16968812026569,95.090567125,96.16966391438702,44994.95412155904
2026-05-10T23:00:00+00:00,96.16966391438702,96.70767085519584,96.10206724789973,96.53659044027603,31767.77581069149
2026-05-11T00:00:00+00:00,96.53659044027603,96.56258118427114,95.58817127617245,95.64750642860433,43795.80543044825
2026-05-11T01:00:00+00:00,95.64750642860433,96.4592830006057,95.3361178634829,96.21168242616683,31226.795891765898
2026-05-11T02:00:00+00:00,96.21168242616683,96.21168242616683,95.2054209850107,95.3556452118344,35038.33675097035
2026-05-11T03:00:00+00:00,95.3556452118344,95.4284969016419,94.6394452783466,94.79949521102338,27066.283140379983
2026-05-11T04:00:00+00:00,94.79949521102338,95.3263453228379,94.4931321095849,95.3263453228379,21968.80448670438
2026-05-11T05:00:00+00:00,95.3263453228379,95.8419892227217,94.8169089383367,95.54000780744197,26248.273151484496
2026-05-11T06:00:00+00:00,95.54000780744197,96.2123225232862,95.26782,95.65819863181214,25777.536383639752
2026-05-11T07:00:00+00:00,95.65819863181214,95.7269091992163,95.1921757727905,95.43188900026276,19188.98679006881
2026-05-11T08:00:00+00:00,95.43188900026276,95.44977188082909,94.70237665745567,94.71589060690258,32304.90887098501
2026-05-11T09:00:00+00:00,94.71589060690258,95.2434057786849,94.66904249965224,95.1101267527588,39390.22147946353
2026-05-11T10:00:00+00:00,95.1101267527588,95.5792798596184,94.8558288476131,95.13517280658454,29133.082545480804
2026-05-11T11:00:00+00:00,95.13517280658454,95.5263789293935,94.9146739286265,95.23108449553534,26479.016656607648
2026-05-11T12:00:00+00:00,95.23108449553534,95.4700779805803,94.6427290374419,94.6675196505603,38030.57031500533
2026-05-11T13:00:00+00:00,94.6675196505603,95.5206568033985,94.509696969697,95.01461307944402,86297.90190055787
2026-05-11T14:00:00+00:00,95.01461307944402,95.8687110449947,94.42536829744037,94.94703935085126,95411.8883451293
2026-05-11T15:00:00+00:00,94.94703935085126,96.53719126512155,94.7110683886751,96.53675614458945,109494.1540108665
2026-05-11T16:00:00+00:00,96.53675614458945,97.9305981193675,96.3103333333333,97.53611214179791,67833.08945987887
2026-05-11T17:00:00+00:00,97.53611214179791,97.8837598659266,97.04618452294429,97.73503322618907,40537.77233014856
2026-05-11T18:00:00+00:00,97.73503322618907,97.84518879097872,97.1952635219438,97.511110021682,35974.036391890884
2026-05-11T19:00:00+00:00,97.511110021682,98.3906331091655,97.0756674956857,98.12562189127868,35542.781397208135
2026-05-11T20:00:00+00:00,98.12562189127868,98.3300315747564,97.6428759542492,97.8250880975854,17000.74187853532
2026-05-11T21:00:00+00:00,97.8250880975854,97.9057930391161,97.2807001927061,97.3185346183602,130215.20246312517
2026-05-11T22:00:00+00:00,97.3185346183602,97.7706219630062,97.1942384166059,97.63115932374978,26586.495333641742
2026-05-11T23:00:00+00:00,97.63115932374978,97.7925448156767,97.0473739295909,97.53545043590405,20131.36966402639
2026-05-12T00:00:00+00:00,97.53545043590405,97.6903725382817,97.0899534830442,97.44110035604449,57773.796506123435
2026-05-12T01:00:00+00:00,97.44110035604449,97.6853574434471,95.71664924655718,96.26770573741574,109093.25709042173
2026-05-12T02:00:00+00:00,96.26770573741574,96.7291522738928,96.0316564465512,96.42921775837219,32033.33872738778
2026-05-12T03:00:00+00:00,96.42921775837219,96.5801795451292,95.9328550085743,96.13469351171322,24453.673618932447
2026-05-12T04:00:00+00:00,96.13469351171322,96.5720604496867,95.8657069715617,96.27863577094938,23796.193875120625
2026-05-12T05:00:00+00:00,96.27863577094938,96.8348605050395,96.1014133151765,96.74926391745572,16462.27382946121
2026-05-12T06:00:00+00:00,96.74926391745572,96.9659768804353,96.29506973527073,96.2973901764199,24072.799045623968
2026-05-12T07:00:00+00:00,96.2973901764199,96.36651233382544,95.8354938847121,96.05803215103155,50214.452172442725
2026-05-12T08:00:00+00:00,96.05803215103155,96.3017528180501,95.47440853043207,95.78008716307022,26575.709589360395
2026-05-12T09:00:00+00:00,95.78008716307022,96.0271037652703,95.1521795,95.8310390730048,40837.60068497981
2026-05-12T10:00:00+00:00,95.8310390730048,96.0511237869423,95.0527606146508,95.07302450473108,49258.581109761384
2026-05-12T11:00:00+00:00,95.07302450473108,95.3304912752672,94.45360772671816,94.78846018388643,60893.55317044525
2026-05-12T12:00:00+00:00,94.78846018388643,95.3883964617183,94.4499842480797,95.37417168435803,55758.1955012043
2026-05-12T13:00:00+00:00,95.37417168435803,95.5793423595075,94.69159849369836,94.7801950895265,81820.56862090345
2026-05-12T14:00:00+00:00,94.7801950895265,95.2342341701442,94.406338028169,94.69605895721145,64085.08350831277
2026-05-12T15:00:00+00:00,94.69605895721145,94.9433213626389,93.5969281344081,93.79662694649656,82666.76918613834
2026-05-12T16:00:00+00:00,93.79662694649656,94.5228009932796,93.549506604054,93.77276017392896,76307.49543316106
2026-05-12T17:00:00+00:00,93.77276017392896,94.7162726221885,93.5575621781171,94.46878658823535,60613.24466410082
2026-05-12T18:00:00+00:00,94.46878658823535,94.8886069432081,94.259654,94.58406993739567,38317.407777549015
2026-05-12T19:00:00+00:00,94.58406993739567,95.0724682450089,94.500173111435,94.76788355119427,31151.113974591557
2026-05-12T20:00:00+00:00,94.76788355119427,95.106655032929,94.432867950423,94.66224114316049,30662.35761921468
2026-05-12T21:00:00+00:00,94.66224114316049,94.9014691822979,94.1515908958201,94.51710716708094,44104.252834172505
2026-05-12T22:00:00+00:00,94.51710716708094,95.161797590217,94.2721015368655,94.74834090869223,50850.74495702806
2026-05-12T23:00:00+00:00,94.74834090869223,94.8972500736557,94.45758333264966,94.50458314190382,43843.14323987774
2026-05-13T00:00:00+00:00,94.50458314190382,94.50458314190382,93.697110887393,94.34003892754374,61823.11935324642
2026-05-13T01:00:00+00:00,94.34003892754374,95.32243116050658,94.3059722918524,95.2863780759328,28988.71335091486
2026-05-13T02:00:00+00:00,95.2863780759328,95.43227535429752,95.0189835988318,95.17037815738483,24220.54391650203
2026-05-13T03:00:00+00:00,95.17037815738483,95.9003443822604,95.102631216421,95.73100334164532,27032.32473848515
2026-05-13T04:00:00+00:00,95.73100334164532,95.9840674043688,95.3745750753583,95.62344449177806,29479.406168438163
2026-05-13T05:00:00+00:00,95.62344449177806,95.8850995811346,95.0431968823688,95.40432159295028,17439.504353493317
2026-05-13T06:00:00+00:00,95.40432159295028,95.5978042240551,94.8935958170158,95.16694864336382,20949.945039032482
2026-05-13T07:00:00+00:00,95.16694864336382,95.4100857125735,94.8020259723313,95.04952047064637,45341.576688936686
2026-05-13T08:00:00+00:00,95.04952047064637,95.7393221909936,94.7871925107739,95.62922164747691,40612.2615943709
2026-05-13T09:00:00+00:00,95.62922164747691,95.9698698831483,95.3768785971921,95.8932829772716,41755.35365038678
2026-05-13T10:00:00+00:00,95.8932829772716,96.1256785571728,94.7586183333333,94.95930323011468,40808.89595333511
2026-05-13T11:00:00+00:00,94.95930323011468,94.98327082867664,94.2669050920791,94.32022084811926,48900.409531224475
2026-05-13T12:00:00+00:00,94.32022084811926,94.6677553710982,92.5049531689159,93.18989998464407,144351.28492569076
2026-05-13T13:00:00+00:00,93.18989998464407,93.5173137851873,91.8583536104115,92.11026165398336,118598.37502105384
2026-05-13T14:00:00+00:00,92.11026165398336,92.3519012588248,91.3449860439108,91.94442345700155,101445.85845510352
2026-05-13T15:00:00+00:00,91.94442345700155,92.0511784479868,90.2575157162176,90.7177996949539,74419.27382587946
2026-05-13T16:00:00+00:00,90.7177996949539,91.2921348314607,89.8550724637681,90.92565247189849,62655.31939452556
2026-05-13T17:00:00+00:00,90.92565247189849,91.283607634793,90.521175356851,90.82962321682814,53276.326572008635
2026-05-13T18:00:00+00:00,90.82962321682814,91.5056264912641,90.6211979905267,91.09297523378926,80809.88769201396
2026-05-13T19:00:00+00:00,91.09297523378926,91.2968076696805,90.2121551685657,90.9761451730153,61133.075726390416
2026-05-13T20:00:00+00:00,90.9761451730153,91.3307939122699,90.58566,91.0476574955146,40750.66939104956
2026-05-13T21:00:00+00:00,91.0476574955146,91.28830388237614,90.664714,90.74444472594695,38783.37780517551
2026-05-13T22:00:00+00:00,90.74444472594695,91.1487117813979,90.4947994522956,91.03797641984247,35393.74358545053
2026-05-13T23:00:00+00:00,91.03797641984247,91.3882813195831,90.8102907152451,90.97198569370187,22662.91564616422
2026-05-14T00:00:00+00:00,90.97198569370187,91.5173100238227,90.97198569370187,91.28174956166939,20310.057913584158
2026-05-14T01:00:00+00:00,91.28174956166939,91.5568734938883,91.01728661860261,91.09717442291786,27134.884944731242
2026-05-14T02:00:00+00:00,91.09717442291786,91.3656826019229,90.4935440483716,90.65469938350837,30664.331350562643
2026-05-14T03:00:00+00:00,90.65469938350837,90.8808647605599,89.8090147357358,89.8090147357358,49399.21017479357
2026-05-14T04:00:00+00:00,89.8090147357358,90.6233180342789,89.7206007299467,90.39936294575645,32705.4157154027
2026-05-14T05:00:00+00:00,90.39936294575645,91.4439498972746,90.1283566863284,91.22328486510631,28779.122826568408
2026-05-14T06:00:00+00:00,91.22328486510631,91.4835171775848,90.9582166264039,91.17795855203038,18915.03329515307
2026-05-14T07:00:00+00:00,91.17795855203038,91.60851687919579,90.730875527951,90.95004273710386,34351.40069694284
2026-05-14T08:00:00+00:00,90.95004273710386,91.3001630801478,90.6972256322831,91.0555118475136,23248.717305172664
2026-05-14T09:00:00+00:00,91.0555118475136,91.2850411850446,90.5862719548219,90.73060964038409,21375.391286535552
2026-05-14T10:00:00+00:00,90.73060964038409,91.0923459693819,90.4943883365209,90.91466211585256,36928.96089051759
2026-05-14T11:00:00+00:00,90.91466211585256,91.1209316674967,90.6070105163031,90.8205985321703,36215.19738918832
2026-05-14T12:00:00+00:00,90.8205985321703,91.2672809690899,90.4831073866872,91.06807133519685,45589.06171627541
2026-05-14T13:00:00+00:00,91.06807133519685,91.4900796968071,90.8025553596124,90.95752760620093,58968.7772331288
2026-05-14T14:00:00+00:00,90.95752760620093,92.3039757520114,90.5678006666667,92.06646935807134,67900.13216886716
2026-05-14T15:00:00+00:00,92.06646935807134,93.00823768728215,91.8569884143884,93.00690785421635,62412.852966393846
2026-05-14T16:00:00+00:00,93.00690785421635,93.674041417033,92.3751283916638,93.1591690624677,82283.09918299667
2026-05-14T17:00:00+00:00,93.1591690624677,93.48212801253986,92.3589864623496,93.12005041126511,72497.85942784809
2026-05-14T18:00:00+00:00,93.12005041126511,93.5381305804089,92.53668941473678,93.3677656983728,59513.54874347085
2026-05-14T19:00:00+00:00,93.3677656983728,93.5975045108225,92.6385442514475,93.05312407043183,38878.99790684514
2026-05-14T20:00:00+00:00,93.05312407043183,93.3489263379888,92.0737568345876,92.70706440288241,50298.10779666823
2026-05-14T21:00:00+00:00,92.70706440288241,92.9451571788914,92.4827834407395,92.73967446323901,19468.141138268402
2026-05-14T22:00:00+00:00,92.73967446323901,93.1167679307374,92.4708412888977,92.81207506754431,22788.041962841467
2026-05-14T23:00:00+00:00,92.81207506754431,92.9956122410351,92.36033157023095,92.36033157023095,26421.255051636766
2026-05-15T00:00:00+00:00,92.36033157023095,92.6593866262165,92.0440747399447,92.28244493256912,22700.179581592576
2026-05-15T01:00:00+00:00,92.28244493256912,92.5585284280936,91.7003569878747,91.9064339732956,35407.89356849393
2026-05-15T02:00:00+00:00,91.9064339732956,92.3949800565013,91.4004140853048,92.23947750723065,41881.409638224264
2026-05-15T03:00:00+00:00,92.23947750723065,92.4935551184495,91.0,92.03311464856637,16692.55881603563
2026-05-15T04:00:00+00:00,92.03311464856637,92.0469569988697,91.499021147575,91.5760334761616,23160.119141436746
2026-05-15T05:00:00+00:00,91.5760334761616,91.6567791686996,90.2628279435074,90.65571729042912,40515.62684106883
2026-05-15T06:00:00+00:00,90.65571729042912,90.9922288960069,90.4474846645291,90.94613798718501,23414.401067169405
2026-05-15T07:00:00+00:00,90.94613798718501,91.7378441716889,90.724843450436,91.47785665641611,37076.6371736336
2026-05-15T08:00:00+00:00,91.47785665641611,91.7065421765522,91.0734406349206,91.372100899239,25741.34693217863
2026-05-15T09:00:00+00:00,91.372100899239,91.4192571261902,90.8678027415346,91.12535059674403,16204.924077553302
2026-05-15T10:00:00+00:00,91.12535059674403,91.4432805578444,90.8305054174151,91.42385026116163,24172.68241807048
2026-05-15T11:00:00+00:00,91.42385026116163,91.6182385077276,91.1961373737374,91.41235944719737,28131.339504772423
2026-05-15T12:00:00+00:00,91.41235944719737,91.6474755711587,90.3602583333333,90.57488677432328,228234.1398524096
2026-05-15T13:00:00+00:00,90.57488677432328,90.8094898672123,88.6740385238619,88.9171656797946,138919.6886196305
2026-05-15T14:00:00+00:00,88.9171656797946,89.5608174215126,88.6522081299774,89.1769054876921,122566.2831824156
2026-05-15T15:00:00+00:00,89.1769054876921,89.34685215751,88.816992259458,88.99681252088537,95097.53198539409
2026-05-15T16:00:00+00:00,88.99681252088537,89.7669496127501,88.7791717171717,89.49796879060517,67474.069238868
2026-05-15T17:00:00+00:00,89.49796879060517,90.0681735012048,89.1328206318178,89.85385718980383,45884.154820865035
2026-05-15T18:00:00+00:00,89.85385718980383,90.0971452647445,89.4613382791981,89.77934759222802,41475.1467742739
2026-05-15T19:00:00+00:00,89.77934759222802,89.9103192936797,88.9779372713684,89.115757047488,63783.77781972203
2026-05-15T20:00:00+00:00,89.115757047488,89.696596528622,88.9789190988125,89.0792456627671,33967.9141303812
2026-05-15T21:00:00+00:00,89.0792456627671,89.5451626432932,88.9385267445176,88.9560395703977,20985.733561475234
2026-05-15T22:00:00+00:00,88.9560395703977,89.4022625945687,88.6895406345952,89.11310546852509,24856.058789540373
2026-05-15T23:00:00+00:00,89.11310546852509,89.3892222163325,88.8354575642415,89.0827605455514,10690.020497321502
2026-05-16T00:00:00+00:00,89.0827605455514,89.4858841413766,88.8452154666624,89.4750585552744,18620.7156450703
2026-05-16T01:00:00+00:00,89.4750585552744,89.4759323046551,88.1057268722467,89.4346823648649,13853.07051990137
2026-05-16T02:00:00+00:00,89.4346823648649,89.5112098065689,88.9313437144566,88.9721837,24321.527229875188
2026-05-16T03:00:00+00:00,88.9721837,89.5087326279589,88.8743,89.08204006499624,22222.466050670962
2026-05-16T04:00:00+00:00,89.08204006499624,89.3172250837337,88.1724842467129,88.8319360894443,40994.751251940084
2026-05-16T05:00:00+00:00,88.8319360894443,88.8512827540275,88.2130829834356,88.43836448864964,14994.94569738821
2026-05-16T06:00:00+00:00,88.43836448864964,88.651409964683,87.719298245614,87.99609931981914,17829.070494880005
2026-05-16T07:00:00+00:00,87.99609931981914,88.3314358710375,86.6776584684364,87.49513952713636,85735.27750075088
2026-05-16T08:00:00+00:00,87.49513952713636,87.7605299131744,87.2610026792228,87.55840020727864,11955.054289398342
2026-05-16T09:00:00+00:00,87.55840020727864,87.7809574967591,85.7413377984314,86.3761101811312,56321.315928796765
2026-05-16T10:00:00+00:00,86.3761101811312,86.3772026100288,85.3333333333333,85.8087030719371,41991.26548828635
2026-05-16T11:00:00+00:00,85.8087030719371,87.1794871794872,85.5943447150118,86.3899419438857,24057.5859882102
2026-05-16T12:00:00+00:00,86.3899419438857,86.48986305074,85.3503184713376,86.0279261567032,28179.233241167633
2026-05-16T13:00:00+00:00,86.0279261567032,86.5887105157796,85.9831251916879,86.0540877546164,25766.294100910774
2026-05-16T14:00:00+00:00,86.0540877546164,87.260034904014,85.7060152643098,86.5609607297158,49472.509794987905
2026-05-16T15:00:00+00:00,86.5609607297158,87.3362445414847,85.97942107,86.40404018667195,76734.09044444853
2026-05-16T16:00:00+00:00,86.40404018667195,86.9375273044998,85.9969142657893,86.59002186791162,59228.82288730125
2026-05-16T17:00:00+00:00,86.59002186791162,87.6424189307625,86.2673217486418,86.9762971238339,32534.398874428276
2026-05-16T18:00:00+00:00,86.9762971238339,87.6424189307625,86.2812769628991,87.6424189307625,30285.186290551774
2026-05-16T19:00:00+00:00,87.6424189307625,87.6424189307625,86.3599677158999,86.5051903114187,14999.967718833686
2026-05-16T20:00:00+00:00,86.5051903114187,87.0002359533399,86.4554141563127,86.4725352330484,9634.609988236958
2026-05-16T21:00:00+00:00,86.4725352330484,86.9049563610207,86.3459649673468,86.3459649673468,17110.076881274355
2026-05-16T22:00:00+00:00,86.3459649673468,86.8787188245546,85.8536585365854,86.8260078323013,35610.4004704984
2026-05-16T23:00:00+00:00,86.8260078323013,86.8432875568161,86.2509175769483,86.2980648496301,21251.505922529344
2026-05-17T00:00:00+00:00,86.2980648496301,86.7773177350876,86.12981067227761,86.12981067227761,17221.076987811462
2026-05-17T01:00:00+00:00,86.12981067227761,86.3326648043866,85.5431634873567,85.76075869181162,12359.740561150158
2026-05-17T02:00:00+00:00,85.76075869181162,86.05922780535131,85.74545922019507,85.87179192156307,17110.537456388593
2026-05-17T03:00:00+00:00,85.87179192156307,86.5810300751586,85.789194,86.40881066862684,25829.62566817156
2026-05-17T04:00:00+00:00,86.40881066862684,87.4125874125874,86.40538503692088,86.65636495107972,15796.43496764422
2026-05-17T05:00:00+00:00,86.65636495107972,87.2957781832434,86.65164932977746,87.08301447589986,20132.59535443177
2026-05-17T06:00:00+00:00,87.08301447589986,87.3131830006005,86.7781367214712,86.92631019074456,12275.256207105896
2026-05-17T07:00:00+00:00,86.92631019074456,87.1625998144824,86.6977696801008,87.03046073532717,14567.716107075792
2026-05-17T08:00:00+00:00,87.03046073532717,87.0504014337967,86.6156380788582,86.85814813801863,29234.299804743656
2026-05-17T09:00:00+00:00,86.85814813801863,87.0187065785964,86.5369796723535,86.76304846682595,26239.549608286146
2026-05-17T10:00:00+00:00,86.76304846682595,87.7061469265367,86.5456420696656,87.00315355194212,27717.826889801072
2026-05-17T11:00:00+00:00,87.00315355194212,87.0140469525639,86.5891904200894,86.82637070351119,17808.789617324786
2026-05-17T12:00:00+00:00,86.82637070351119,88.5245901639344,86.5339865329202,86.78985210277911,23318.822386841224
2026-05-17T13:00:00+00:00,86.78985210277911,87.0028689239529,86.3165768693007,86.53890022759995,20066.65768408642
2026-05-17T14:00:00+00:00,86.53890022759995,86.59800966776032,85.9174862118467,86.31391031106077,29056.768889893265
2026-05-17T15:00:00+00:00,86.31391031106077,86.4735985236858,85.9796239867961,86.2610330201755,17531.148176288247
2026-05-17T16:00:00+00:00,86.2610330201755,86.7241041564816,86.2214620344028,86.31705913926537,21851.29009989826
2026-05-17T17:00:00+00:00,86.31705913926537,86.3488373346398,85.8473030180487,86.10573119307493,29502.13058551933
2026-05-17T18:00:00+00:00,86.10573119307493,86.4523184440636,85.8261159648129,86.27036363681461,33693.592170638585
2026-05-17T19:00:00+00:00,86.27036363681461,86.9201008893242,86.0781331472121,86.70247827345018,32325.60318158952
2026-05-17T20:00:00+00:00,86.70247827345018,86.8634090742738,86.2181629085889,86.45273047770996,22958.24462348732
2026-05-17T21:00:00+00:00,86.45273047770996,86.9715428211734,86.2363423279833,86.91966990702943,25220.93958294283
2026-05-17T22:00:00+00:00,86.91966990702943,86.91966990702943,85.9891528313878,86.23686712992026,36878.434610928096
2026-05-17T23:00:00+00:00,86.23686712992026,86.26411934456429,83.4117850412995,85.09300098529661,130374.14358510227
2026-05-18T00:00:00+00:00,85.09300098529661,85.3061532915064,84.56405436740518,85.11209843882142,36077.8650619467
2026-05-18T01:00:00+00:00,85.11209843882142,85.3392028499198,84.5960267445895,84.93302566160834,34236.916844558
2026-05-18T02:00:00+00:00,84.93302566160834,86.0585197934596,84.7213096246059,84.91176476638152,19266.66270468679
2026-05-18T03:00:00+00:00,84.91176476638152,85.165484633898,84.5910752270261,84.80017747720261,21794.274570776965
2026-05-18T04:00:00+00:00,84.80017747720261,86.1195542046606,84.4785358639407,84.8461807757839,42731.47157135461
2026-05-18T05:00:00+00:00,84.8461807757839,85.9845227858985,84.5727052555368,84.78534898963763,20974.489220855536
2026-05-18T06:00:00+00:00,84.78534898963763,85.0096918699604,84.2676617298051,84.63261336247528,37683.6894899148
2026-05-18T07:00:00+00:00,84.63261336247528,85.4700854700855,84.3294788579393,84.72514329365481,40584.1993016665
2026-05-18T08:00:00+00:00,84.72514329365481,85.01465649345757,84.5685879029654,84.77576421758548,29264.2554709639
2026-05-18T09:00:00+00:00,84.77576421758548,84.9571793017152,84.4058461474767,84.62155973612506,12930.229648320583
2026-05-18T10:00:00+00:00,84.62155973612506,84.7759990058827,84.1577196706341,84.36985960673118,23712.982708374933
2026-05-18T11:00:00+00:00,84.36985960673118,85.08985349193807,84.0205965273754,85.00853300986746,32678.24034440202
2026-05-18T12:00:00+00:00,85.00853300986746,85.8529990917422,84.9314142868262,85.59200979533108,49056.58255437813
2026-05-18T13:00:00+00:00,85.59200979533108,85.8071605655037,84.496996086981,84.74915486996663,77477.64110516437
2026-05-18T14:00:00+00:00,84.74915486996663,84.9236708933415,83.6362364203665,83.86733375022513,71155.03873026127
2026-05-18T15:00:00+00:00,83.86733375022513,84.4444444444444,83.4680802403521,84.12850804084195,63967.2159422301
2026-05-18T16:00:00+00:00,84.12850804084195,84.45676784529118,83.8057555664174,84.45642602507621,71833.59919738909
2026-05-18T17:00:00+00:00,84.45642602507621,84.6779306661338,83.9864927805848,84.45712469824664,59697.81528437043
2026-05-18T18:00:00+00:00,84.45712469824664,84.45712469824664,83.5032426320672,83.65156607190487,44478.18250988035
2026-05-18T19:00:00+00:00,83.65156607190487,85.1326371500701,83.63098541829319,84.97425512032623,63949.61397697028
2026-05-18T20:00:00+00:00,84.97425512032623,85.2752468368767,84.4870486938951,84.70376232565187,63516.52465218461
2026-05-18T21:00:00+00:00,84.70376232565187,86.0585197934596,84.70039515115754,85.32715480190258,42822.62864771189
2026-05-18T22:00:00+00:00,85.32715480190258,85.6558411431224,85.1721158737316,85.36172778509899,58893.52639405921
2026-05-18T23:00:00+00:00,85.36172778509899,85.53820102182813,84.9055070019375,85.11923376765746,28872.9919011041
2026-05-19T00:00:00+00:00,85.11923376765746,85.9159385964595,85.11923376765746,85.71286464318875,51593.66518910967
2026-05-19T01:00:00+00:00,85.71286464318875,85.71512766786331,84.76426371306187,84.80840427634324,33278.66458990909
2026-05-19T02:00:00+00:00,84.80840427634324,85.7988165680473,84.616,84.95782476318318,23331.069836555394
2026-05-19T03:00:00+00:00,84.95782476318318,85.0765153746705,84.7453467132071,85.03277144977353,12200.865829916354
2026-05-19T04:00:00+00:00,85.03277144977353,85.2393088266435,84.81497737721,85.08411408957913,16370.30187180747
2026-05-19T05:00:00+00:00,85.08411408957913,85.9106529209622,84.62238563633952,85.06734681970867,26116.813084935868
2026-05-19T06:00:00+00:00,85.06734681970867,86.1326442721792,84.9072872729453,85.31815338459944,13881.369161999168
2026-05-19T07:00:00+00:00,85.31815338459944,85.5403331265949,85.09898,85.2935853982582,19149.53436501054
2026-05-19T08:00:00+00:00,85.2935853982582,85.6201490513228,84.9499692524513,85.36568423135246,19032.250311773725
2026-05-19T09:00:00+00:00,85.36568423135246,85.5644473469701,84.4961104803603,84.70412471948076,34022.59745229547
2026-05-19T10:00:00+00:00,84.70412471948076,84.925848837978,84.326422,84.53966463949371,31618.493287431866
2026-05-19T11:00:00+00:00,84.53966463949371,84.84841811249,84.2449280037201,84.50807733467249,26089.88266110694
2026-05-19T12:00:00+00:00,84.50807733467249,85.397096498719,84.2420822146808,84.55857251760068,47615.65597323553
2026-05-19T13:00:00+00:00,84.55857251760068,85.0174081007196,84.398547656263,84.8153686976307,49433.066018174744
2026-05-19T14:00:00+00:00,84.8153686976307,85.0285020810743,83.527033401747,83.89299904867202,72235.80502673042
2026-05-19T15:00:00+00:00,83.89299904867202,85.1788756388416,83.6936931929129,84.40671440792757,79208.9962478195
2026-05-19T16:00:00+00:00,84.40671440792757,84.8385858097283,83.9984054546733,84.64557885282456,65136.78565479195
2026-05-19T17:00:00+00:00,84.64557885282456,85.6164383561644,84.4057430708014,84.67246058732843,59715.8549616821
2026-05-19T18:00:00+00:00,84.67246058732843,84.8791226794288,84.1061014939308,84.43588683300214,31262.0877116709
2026-05-19T19:00:00+00:00,84.43588683300214,85.2514919011083,84.0653455464474,84.23640260201768,39171.11689096154
2026-05-19T20:00:00+00:00,84.23640260201768,85.0734725444702,83.9814577699959,84.343829311933,44127.84130127613
2026-05-19T21:00:00+00:00,84.343829311933,84.8377680062217,84.260553731758,84.5613280203298,36939.56900131643
2026-05-19T22:00:00+00:00,84.5613280203298,84.5613280203298,83.835644155954,84.04555834336149,44776.92160367722
2026-05-19T23:00:00+00:00,84.04555834336149,84.5491991987419,83.7862818616016,84.25094759969856,31942.1382846323
2026-05-20T00:00:00+00:00,84.25094759969856,84.5173448668439,83.785637,84.08536183278899,43455.823548034845
2026-05-20T01:00:00+00:00,84.08536183278899,84.5111914256881,83.8185483870968,84.27698719001441,35472.038989876375
2026-05-20T02:00:00+00:00,84.27698719001441,84.4550708629773,83.9890342994557,84.11095279223245,27789.36219667776
2026-05-20T03:00:00+00:00,84.11095279223245,84.246166849291,83.719,84.08830039224053,15227.546976031766
2026-05-20T04:00:00+00:00,84.08830039224053,84.3392550503144,83.8436296798955,84.11027244933373,14679.46428727275
2026-05-20T05:00:00+00:00,84.11027244933373,85.5431993156544,84.0,85.0048997875685,27065.662233875162
2026-05-20T06:00:00+00:00,85.0048997875685,86.4197530864198,84.5212669279504,84.74988471854343,20431.161209868682
2026-05-20T07:00:00+00:00,84.74988471854343,85.0469942541171,84.4415557318609,84.62545082602459,18107.160815394458
2026-05-20T08:00:00+00:00,84.62545082602459,85.02685605483987,84.4,85.00842917406456,27700.208267833525
2026-05-20T09:00:00+00:00,85.00842917406456,85.2821717079782,84.6869800664458,84.94964208978712,20715.754640412757
2026-05-20T10:00:00+00:00,84.94964208978712,85.1920625211018,84.6992332656809,84.90623573759713,11415.131717948272
2026-05-20T11:00:00+00:00,84.90623573759713,85.1282245339718,84.483592483094,84.483592483094,27833.08015158281
2026-05-20T12:00:00+00:00,84.483592483094,85.9106529209622,84.36956,84.97820544068647,51253.358398583
2026-05-20T13:00:00+00:00,84.97820544068647,85.2766704014665,84.09491107752646,84.53981907262676,65978.87909767595
2026-05-20T14:00:00+00:00,84.53981907262676,85.91225049633806,84.2498936291773,85.83597143176455,91570.28111262678
2026-05-20T15:00:00+00:00,85.83597143176455,86.8809730668983,85.4545163660211,85.74317149699452,55540.7128576932
2026-05-20T16:00:00+00:00,85.74317149699452,86.8558567432163,85.4523974728589,86.49807670777012,113858.67503793267
2026-05-20T17:00:00+00:00,86.49807670777012,87.0765836225667,86.2418036282181,86.53576883479526,82963.64194380224
2026-05-20T18:00:00+00:00,86.53576883479526,86.832592368087,85.6582917224204,85.87041619157826,64586.540717522425
2026-05-20T19:00:00+00:00,85.87041619157826,86.2782173492219,85.52155,85.92619449098629,92010.16943819955
2026-05-20T20:00:00+00:00,85.92619449098629,86.3439649555277,85.4750206060606,85.96705946997105,71227.06373828017
2026-05-20T21:00:00+00:00,85.96705946997105,86.1921057293309,85.6606720434767,85.9904643270089,19790.793201233235
2026-05-20T22:00:00+00:00,85.9904643270089,86.2252776714699,85.464194,85.88002679567329,31103.771116585096
2026-05-20T23:00:00+00:00,85.88002679567329,86.099278042013,85.6242021308526,85.89816075163732,25867.917686100303
